Filename,Date,Time,Table,Corp,Fleet,Search Name,Search Data,Status,Rows,Work Flow Time,Search Time,Facet Time
c:\Attivio\VehiclePerson\Test\queries.log,25/Sep/2014,13:03:24,individual,,,,kumar,OK,139,10807,10678,129
c:\Attivio\VehiclePerson\Test\queries.log,25/Sep/2014,13:04:35,individual,,,,kumar,OK,139,10909,10777,130
c:\Attivio\VehiclePerson\Test\queries.log,25/Sep/2014,13:17:01,vehicle,01,007777,,,OK,13674,6599,5792,804
c:\Attivio\VehiclePerson\Test\queries.log,25/Sep/2014,13:18:11,vehicle,01,007777,asset_type_desc,Car,OK,9096,923,713,210
c:\Attivio\VehiclePerson\Test\queries.log,25/Sep/2014,13:19:32,individual,01,007777,,a,OK,610,11429,11216,211
c:\Attivio\VehiclePerson\Test\queries.log,25/Sep/2014,13:24:56,individual,,,,jones,OK,7845,11027,10884,131
c:\Attivio\VehiclePerson\Test\queries.log,25/Sep/2014,13:39:37,individual,,,,jones,OK,7845,10970,10836,133
c:\Attivio\VehiclePerson\Test\queries.log,25/Sep/2014,13:39:43,individual,,,,jones,OK,7845,227,1,225
